,Date,Open,High,Low,Close,Adj Close,Volume,Date_prev,pre_close,new
0,2016-01-06,17154.830078,17154.830078,16817.619141,16906.509766,16906.509766,120250000,2016-01-05,16514.099609,False
1,2016-01-07,16888.359375,16888.359375,16463.630859,16514.099609,16514.099609,176240000,2016-01-06,16346.450195,False
2,2016-01-08,16519.169922,16651.890625,16314.570313,16346.450195,16346.450195,141850000,2016-01-07,16398.570313,True
3,2016-01-11,16358.709961000002,16461.849609,16232.030272999998,16398.570313,16398.570313,127790000,2016-01-10,16516.220703,True
4,2016-01-12,16419.109375,16591.349609,16322.070313,16516.220703,16516.220703,117480000,2016-01-11,16151.410156,False
5,2016-01-13,16526.630859,16593.509766,16123.200195,16151.410156,16151.410156,153530000,2016-01-12,16379.049805,True
6,2016-01-14,16159.009766,16482.050781,16075.120116999999,16379.049805,16379.049805,158830000,2016-01-13,15988.080078,False
7,2016-01-15,16354.330078,16354.330078,15842.110352000002,15988.080078,15988.080078,239210000,2016-01-14,16016.019531,True
8,2016-01-19,16009.450195,16171.959961000002,15900.25,16016.019531,16016.019531,144360000,2016-01-18,15766.740234,False
9,2016-01-20,15989.450195,15989.450195,15450.55957,15766.740234,15766.740234,191870000,2016-01-19,15882.679688,True
10,2016-01-21,15768.870116999999,16038.589844,15704.660156,15882.679688,15882.679688,145140000,2016-01-20,16093.509766,True
11,2016-01-22,15921.099609,16136.790038999998,15921.099609,16093.509766,16093.509766,145850000,2016-01-21,15885.219727000002,False
12,2016-01-25,16086.459961000002,16086.459961000002,15880.150391,15885.219727000002,15885.219727000002,123250000,2016-01-24,16167.230469,True
13,2016-01-26,15893.160156,16185.790038999998,15893.160156,16167.230469,16167.230469,118210000,2016-01-25,15944.459961000002,False
14,2016-01-27,16168.740234,16235.030272999998,15878.299805,15944.459961000002,15944.459961000002,138350000,2016-01-26,16069.639647999998,True
15,2016-01-28,15960.280272999998,16102.139647999998,15863.719727000002,16069.639647999998,16069.639647999998,130120000,2016-01-27,16466.300781,True
16,2016-01-29,16090.259766,16466.300781,16090.259766,16466.300781,16466.300781,217940000,2016-01-28,16449.179688,False
17,2016-02-01,16453.630859,16510.980469,16299.469727000002,16449.179688,16449.179688,114450000,2016-01-31,16153.540038999998,False
18,2016-02-02,16420.210938,16420.210938,16108.44043,16153.540038999998,16153.540038999998,126210000,2016-02-01,16336.660156,True
19,2016-02-03,16186.200195,16381.69043,15960.450195,16336.660156,16336.660156,141870000,2016-02-02,16416.580078,True
20,2016-02-04,16329.669922,16485.839844,16266.160156,16416.580078,16416.580078,131490000,2016-02-03,16204.969727000002,False
21,2016-02-05,16417.949219,16423.630859,16129.80957,16204.969727000002,16204.969727000002,139010000,2016-02-04,16027.049805,False
22,2016-02-08,16147.509766,16147.509766,15803.549805,16027.049805,16027.049805,165880000,2016-02-07,16014.379883000001,False
23,2016-02-09,16005.410156,16136.620116999999,15881.110352000002,16014.379883000001,16014.379883000001,127740000,2016-02-08,15914.740234,False
24,2016-02-10,16035.610352000002,16201.889647999998,15899.910156,15914.740234,15914.740234,122290000,2016-02-09,15660.179688,False
25,2016-02-11,15897.820313,15897.820313,15503.009766,15660.179688,15660.179688,172070000,2016-02-10,15973.839844,True
26,2016-02-12,15691.620116999999,15974.040038999998,15691.620116999999,15973.839844,15973.839844,132550000,2016-02-11,16196.410156,True
27,2016-02-16,16012.389647999998,16196.410156,16012.389647999998,16196.410156,16196.410156,142030000,2016-02-15,16453.830078,True
28,2016-02-17,16217.980469,16486.119141,16217.980469,16453.830078,16453.830078,124080000,2016-02-16,16413.429688,False
29,2016-02-18,16483.759766,16511.839844,16390.429688,16413.429688,16413.429688,104950000,2016-02-17,16391.990234,False
30,2016-02-19,16410.960938,16410.960938,16278.0,16391.990234,16391.990234,134340000,2016-02-18,16620.660156,True
31,2016-02-22,16417.130859,16664.240234,16417.130859,16620.660156,16620.660156,102240000,2016-02-21,16431.779297,False
32,2016-02-23,16610.390625,16610.390625,16403.529297,16431.779297,16431.779297,98170000,2016-02-22,16484.990234,True
33,2016-02-24,16418.839844,16507.390625,16165.860352000002,16484.990234,16484.990234,93620000,2016-02-23,16697.289063,True
34,2016-02-25,16504.380859,16697.980469,16458.419922,16697.289063,16697.289063,94120000,2016-02-24,16639.970703,False
35,2016-02-26,16712.699219,16795.980469,16623.910156,16639.970703,16639.970703,98480000,2016-02-25,16516.5,False
36,2016-02-29,16634.150391,16726.119141,16510.400391,16516.5,16516.5,126220000,2016-02-28,16865.080078,True
37,2016-03-01,16545.669922,16865.560547,16545.669922,16865.080078,16865.080078,105050000,2016-02-29,16899.320313,True
38,2016-03-02,16851.169922,16900.169922,16766.320313,16899.320313,16899.320313,104470000,2016-03-01,16943.900391,True
39,2016-03-03,16896.169922,16944.310547,16820.730469,16943.900391,16943.900391,91110000,2016-03-02,17006.769531,True
40,2016-03-04,16945.0,17062.380859,16898.839844,17006.769531,17006.769531,106910000,2016-03-03,17073.949219,True
41,2016-03-07,16991.289063,17099.25,16940.480469,17073.949219,17073.949219,100290000,2016-03-06,16964.099609,False
42,2016-03-08,17050.669922,17072.789063,16921.509766,16964.099609,16964.099609,108380000,2016-03-07,17000.359375,True
43,2016-03-09,16969.169922,17048.5,16947.939453,17000.359375,17000.359375,116690000,2016-03-08,16995.130859,False
44,2016-03-10,17006.050781,17130.109375,16821.859375,16995.130859,16995.130859,117570000,2016-03-09,17213.310547,True
45,2016-03-11,17014.990234,17220.089844,17014.990234,17213.310547,17213.310547,123420000,2016-03-10,17229.130859,True
46,2016-03-14,17207.490234,17275.070313,17161.160156,17229.130859,17229.130859,96350000,2016-03-13,17251.529297,True
47,2016-03-15,17217.150391,17251.699219,17120.349609,17251.529297,17251.529297,92830000,2016-03-14,17325.759766,True
48,2016-03-16,17249.339844,17379.179688,17204.070313,17325.759766,17325.759766,118710000,2016-03-15,17481.490234,True
49,2016-03-17,17321.380859,17529.009766,17297.650391,17481.490234,17481.490234,117990000,2016-03-16,17602.300781,True
50,2016-03-18,17481.490234,17620.580078,17481.490234,17602.300781,17602.300781,321230000,2016-03-17,17623.869141,True
51,2016-03-21,17589.699219,17644.970703,17551.279297,17623.869141,17623.869141,84410000,2016-03-20,17582.570313,False
52,2016-03-22,17602.710938,17648.939453,17540.419922,17582.570313,17582.570313,95450000,2016-03-21,17502.589844,False
53,2016-03-23,17588.810547,17588.810547,17486.269531,17502.589844,17502.589844,84240000,2016-03-22,17515.730469,True
54,2016-03-24,17485.330078,17517.140625,17399.009766,17515.730469,17515.730469,84100000,2016-03-23,17535.390625,True
55,2016-03-28,17526.080078,17583.810547,17493.029297,17535.390625,17535.390625,70460000,2016-03-27,17633.109375,True
56,2016-03-29,17512.580078,17642.810547,17434.269531,17633.109375,17633.109375,86160000,2016-03-28,17716.660156,True
57,2016-03-30,17652.359375,17790.109375,17652.359375,17716.660156,17716.660156,79330000,2016-03-29,17685.089844,False
58,2016-03-31,17716.050781,17755.699219,17669.720703,17685.089844,17685.089844,102600000,2016-03-30,17792.75,True
59,2016-04-01,17661.740234,17811.480469,17568.019531,17792.75,17792.75,104890000,2016-03-31,17737.0,False
60,2016-04-04,17799.390625,17806.380859,17710.669922,17737.0,17737.0,85230000,2016-04-03,17603.320313,False
61,2016-04-05,17718.029297,17718.029297,17579.560547,17603.320313,17603.320313,115230000,2016-04-04,17716.050781,True
62,2016-04-06,17605.449219,17723.550781,17542.539063,17716.050781,17716.050781,99410000,2016-04-05,17541.960938,False
63,2016-04-07,17687.279297,17687.279297,17484.230469,17541.960938,17541.960938,90120000,2016-04-06,17576.960938,True
64,2016-04-08,17555.390625,17694.509766,17528.160156,17576.960938,17576.960938,79990000,2016-04-07,17556.410156,False
65,2016-04-11,17586.480469,17731.630859,17555.900391,17556.410156,17556.410156,107100000,2016-04-10,17721.25,True
66,2016-04-12,17571.339844,17744.429688,17553.570313,17721.25,17721.25,81020000,2016-04-11,17908.279297,True
67,2016-04-13,17741.660156,17918.349609,17741.660156,17908.279297,17908.279297,91710000,2016-04-12,17926.429688,True
68,2016-04-14,17912.25,17962.140625,17885.439453,17926.429688,17926.429688,84510000,2016-04-13,17897.460938,False
69,2016-04-15,17925.949219,17937.650391,17867.410156,17897.460938,17897.460938,118160000,2016-04-14,18004.160156,True
70,2016-04-18,17890.199219,18009.529297,17848.220703,18004.160156,18004.160156,89390000,2016-04-17,18053.599609,True
71,2016-04-19,18012.099609,18103.460938,17984.429688,18053.599609,18053.599609,89820000,2016-04-18,18096.269531,True
72,2016-04-20,18059.490234,18167.630859,18031.210938,18096.269531,18096.269531,100210000,2016-04-19,17982.519531,False
73,2016-04-21,18092.839844,18107.289063,17963.890625,17982.519531,17982.519531,102720000,2016-04-20,18003.75,True
74,2016-04-22,17985.050781,18026.849609,17909.890625,18003.75,18003.75,134120000,2016-04-21,17977.240234,False
75,2016-04-25,17990.939453,17990.939453,17855.550781,17977.240234,17977.240234,83770000,2016-04-24,17990.320313,True
76,2016-04-26,17987.380859,18043.769531,17934.169922,17990.320313,17990.320313,92570000,2016-04-25,18041.550781,True
77,2016-04-27,17996.140625,18084.660156,17920.259766,18041.550781,18041.550781,109090000,2016-04-26,17830.759766,False
78,2016-04-28,18023.880859,18035.730469,17796.550781,17830.759766,17830.759766,100920000,2016-04-27,17773.640625,False
79,2016-04-29,17813.089844,17814.830078,17651.980469,17773.640625,17773.640625,136670000,2016-04-28,17891.160156,True
80,2016-05-02,17783.779297,17912.349609,17773.710938,17891.160156,17891.160156,80100000,2016-05-01,17750.910156,False
81,2016-05-03,17870.75,17870.75,17670.880859,17750.910156,17750.910156,97060000,2016-05-02,17651.259766,False
82,2016-05-04,17735.019531,17738.060547,17609.009766,17651.259766,17651.259766,95020000,2016-05-03,17660.710938,True
83,2016-05-05,17664.480469,17736.109375,17615.820313,17660.710938,17660.710938,81530000,2016-05-04,17740.630859,True
84,2016-05-06,17650.300781,17744.539063,17580.380859,17740.630859,17740.630859,80020000,2016-05-05,17705.910156,False
85,2016-05-09,17743.849609,17783.160156,17668.380859,17705.910156,17705.910156,85590000,2016-05-08,17928.349609,True
86,2016-05-10,17726.660156,17934.609375,17726.660156,17928.349609,17928.349609,75790000,2016-05-09,17711.119141,False
87,2016-05-11,17919.029297,17919.029297,17711.050781,17711.119141,17711.119141,87390000,2016-05-10,17720.5,True
88,2016-05-12,17711.119141,17798.189453,17625.380859,17720.5,17720.5,88560000,2016-05-11,17535.320313,False
89,2016-05-13,17711.119141,17734.740234,17512.480469,17535.320313,17535.320313,86640000,2016-05-12,17710.710938,True
90,2016-05-16,17531.759766,17755.800781,17531.759766,17710.710938,17710.710938,88440000,2016-05-15,17529.980469,False
91,2016-05-17,17701.460938,17701.460938,17469.919922,17529.980469,17529.980469,103260000,2016-05-16,17526.619141,False
92,2016-05-18,17501.279297,17636.220703,17418.210938,17526.619141,17526.619141,79120000,2016-05-17,17435.400391,False
93,2016-05-19,17514.160156,17514.160156,17331.070313,17435.400391,17435.400391,95530000,2016-05-18,17500.939453,True
94,2016-05-20,17437.320313,17571.75,17437.320313,17500.939453,17500.939453,111990000,2016-05-19,17492.929688,False
95,2016-05-23,17507.039063,17550.699219,17480.050781,17492.929688,17492.929688,87790000,2016-05-22,17706.050781,True
96,2016-05-24,17525.189453,17742.589844,17525.189453,17706.050781,17706.050781,86480000,2016-05-23,17851.509766,True
97,2016-05-25,17735.089844,17891.710938,17735.089844,17851.509766,17851.509766,79180000,2016-05-24,17828.289063,False
98,2016-05-26,17859.519531,17888.660156,17803.820313,17828.289063,17828.289063,68940000,2016-05-25,17873.220703,True
99,2016-05-27,17826.849609,17873.220703,17824.730469,17873.220703,17873.220703,73190000,2016-05-26,17787.199219,False
100,2016-05-31,17891.5,17899.240234,17724.029297,17787.199219,17787.199219,147390000,2016-05-30,17789.669922,True
101,2016-06-01,17754.550781,17809.179688,17664.789063,17789.669922,17789.669922,78530000,2016-05-31,17838.560547,True
102,2016-06-02,17789.050781,17838.560547,17703.550781,17838.560547,17838.560547,75560000,2016-06-01,17807.060547,False
103,2016-06-03,17799.800781,17833.169922,17689.679688,17807.060547,17807.060547,82270000,2016-06-02,17920.330078,True
104,2016-06-06,17825.689453,17949.679688,17822.810547,17920.330078,17920.330078,71870000,2016-06-05,17938.279297,True
105,2016-06-07,17936.220703,18003.230469,17936.220703,17938.279297,17938.279297,78750000,2016-06-06,18005.050781,True
106,2016-06-08,17931.910156,18016.0,17931.910156,18005.050781,18005.050781,71260000,2016-06-07,17985.189453,False
107,2016-06-09,17969.980469,18005.220703,17915.880859,17985.189453,17985.189453,69690000,2016-06-08,17865.339844,False
108,2016-06-10,17938.820313,17938.820313,17812.339844,17865.339844,17865.339844,90540000,2016-06-09,17732.480469,False
109,2016-06-13,17830.5,17893.279297,17731.349609,17732.480469,17732.480469,101690000,2016-06-12,17674.820313,False
110,2016-06-14,17710.769531,17733.919922,17595.789063,17674.820313,17674.820313,93740000,2016-06-13,17640.169922,False
111,2016-06-15,17703.650391,17762.960938,17629.009766,17640.169922,17640.169922,94130000,2016-06-14,17733.099609,True
112,2016-06-16,17602.230469,17754.910156,17471.289063,17733.099609,17733.099609,91950000,2016-06-15,17675.160156,False
113,2016-06-17,17733.439453,17733.439453,17602.779297,17675.160156,17675.160156,248680000,2016-06-16,17804.869141,True
114,2016-06-20,17736.869141,17946.359375,17736.869141,17804.869141,17804.869141,99380000,2016-06-19,17829.730469,True
115,2016-06-21,17827.330078,17877.839844,17799.800781,17829.730469,17829.730469,85130000,2016-06-20,17780.830078,False
116,2016-06-22,17832.669922,17920.160156,17770.359375,17780.830078,17780.830078,89440000,2016-06-21,18011.070313,True
117,2016-06-23,17844.109375,18011.070313,17844.109375,18011.070313,18011.070313,98070000,2016-06-22,17400.75,False
118,2016-06-24,17946.630859,17946.630859,17356.339844,17400.75,17400.75,239000000,2016-06-23,17140.240234,False
119,2016-06-27,17355.210938,17355.210938,17063.080078,17140.240234,17140.240234,138740000,2016-06-26,17409.720703,True
120,2016-06-28,17190.509766,17409.720703,17190.509766,17409.720703,17409.720703,112190000,2016-06-27,17694.679688,True
121,2016-06-29,17456.019531,17704.509766,17456.019531,17694.679688,17694.679688,106380000,2016-06-28,17929.990234,True
122,2016-06-30,17712.759766,17930.609375,17711.800781,17929.990234,17929.990234,133030000,2016-06-29,17949.369141,True
123,2016-07-01,17924.240234,18002.380859,17916.910156,17949.369141,17949.369141,82160000,2016-06-30,17840.619141,False
124,2016-07-05,17904.449219,17904.449219,17785.279297,17840.619141,17840.619141,103650000,2016-07-04,17918.619141,True
125,2016-07-06,17807.470703,17926.910156,17713.449219,17918.619141,17918.619141,93000000,2016-07-05,17895.880859,False
126,2016-07-07,17924.240234,17984.949219,17816.650391,17895.880859,17895.880859,81570000,2016-07-06,18146.740234,True
127,2016-07-08,17971.220703,18166.769531,17971.220703,18146.740234,18146.740234,93460000,2016-07-07,18226.929688,True
128,2016-07-11,18161.529297,18283.900391,18161.529297,18226.929688,18226.929688,80880000,2016-07-10,18347.669922,True
129,2016-07-12,18259.119141,18371.949219,18259.119141,18347.669922,18347.669922,90170000,2016-07-11,18372.119141,True
130,2016-07-13,18356.779297,18390.160156,18315.759766,18372.119141,18372.119141,80920000,2016-07-12,18506.410156,True
131,2016-07-14,18414.300781,18537.570313,18414.300781,18506.410156,18506.410156,87050000,2016-07-13,18516.550781,True
132,2016-07-15,18508.880859,18557.429688,18471.619141,18516.550781,18516.550781,123690000,2016-07-14,18533.050781,True
133,2016-07-18,18521.550781,18556.130859,18489.839844,18533.050781,18533.050781,75540000,2016-07-17,18559.009766,True
134,2016-07-19,18503.119141,18562.529297,18495.109375,18559.009766,18559.009766,85840000,2016-07-18,18595.029297,True
135,2016-07-20,18582.699219,18622.009766,18555.650391,18595.029297,18595.029297,93230000,2016-07-19,18517.230469,False
136,2016-07-21,18589.960938,18590.439453,18469.669922,18517.230469,18517.230469,86800000,2016-07-20,18570.849609,True
137,2016-07-22,18524.150391,18571.300781,18491.589844,18570.849609,18570.849609,87710000,2016-07-21,18493.060547,False
138,2016-07-25,18554.490234,18555.689453,18452.619141,18493.060547,18493.060547,76810000,2016-07-24,18473.75,False
139,2016-07-26,18497.369141,18522.470703,18387.220703,18473.75,18473.75,85370000,2016-07-25,18472.169922,False
140,2016-07-27,18473.269531,18542.390625,18430.939453,18472.169922,18472.169922,111370000,2016-07-26,18456.349609,False
141,2016-07-28,18461.009766,18483.259766,18368.820313,18456.349609,18456.349609,85750000,2016-07-27,18432.240234,False
142,2016-07-29,18442.519531,18466.550781,18371.119141,18432.240234,18432.240234,111550000,2016-07-28,18404.509766,False
143,2016-08-01,18434.5,18467.029297,18355.75,18404.509766,18404.509766,83470000,2016-07-31,18313.769531,False
144,2016-08-02,18401.150391,18403.650391,18247.789063,18313.769531,18313.769531,89680000,2016-08-01,18355.0,True
145,2016-08-03,18313.080078,18355.0,18283.230469,18355.0,18355.0,78550000,2016-08-02,18352.050781,False
146,2016-08-04,18351.429688,18397.869141,18325.169922,18352.050781,18352.050781,64500000,2016-08-03,18543.529297,True
147,2016-08-05,18402.800781,18543.529297,18402.800781,18543.529297,18543.529297,92420000,2016-08-04,18529.289063,False
148,2016-08-08,18541.890625,18569.310547,18502.029297,18529.289063,18529.289063,71810000,2016-08-07,18533.050781,True
149,2016-08-09,18538.050781,18585.320313,18507.75,18533.050781,18533.050781,60090000,2016-08-08,18495.660156,False
150,2016-08-10,18541.480469,18561.75,18468.779297,18495.660156,18495.660156,62780000,2016-08-09,18613.519531,True
151,2016-08-11,18519.080078,18638.339844,18519.080078,18613.519531,18613.519531,71470000,2016-08-10,18576.470703,False
152,2016-08-12,18595.650391,18606.060547,18535.859375,18576.470703,18576.470703,61580000,2016-08-11,18636.050781,True
153,2016-08-15,18588.589844,18722.609375,18559.929688,18636.050781,18636.050781,62350000,2016-08-14,18552.019531,False
154,2016-08-16,18614.480469,18614.859375,18550.650391,18552.019531,18552.019531,67570000,2016-08-15,18573.939453,True
155,2016-08-17,18537.089844,18582.349609,18468.679688,18573.939453,18573.939453,71000000,2016-08-16,18597.699219,True
156,2016-08-18,18566.539063,18600.820313,18533.289063,18597.699219,18597.699219,70740000,2016-08-17,18552.570313,False
157,2016-08-19,18585.169922,18585.169922,18491.240234,18552.570313,18552.570313,93170000,2016-08-18,18529.419922,False
158,2016-08-22,18535.859375,18570.919922,18466.859375,18529.419922,18529.419922,73450000,2016-08-21,18547.300781,True
159,2016-08-23,18568.939453,18631.599609,18545.519531,18547.300781,18547.300781,73990000,2016-08-22,18481.480469,False
160,2016-08-24,18537.5,18539.150391,18448.269531,18481.480469,18481.480469,72270000,2016-08-23,18448.410156,False
161,2016-08-25,18471.210938,18497.679688,18431.460938,18448.410156,18448.410156,64480000,2016-08-24,18395.400391,False
162,2016-08-26,18467.919922,18572.089844,18335.339844,18395.400391,18395.400391,78730000,2016-08-25,18502.990234,True
163,2016-08-29,18421.289063,18523.089844,18419.919922,18502.990234,18502.990234,64480000,2016-08-28,18454.300781,False
164,2016-08-30,18491.279297,18514.289063,18408.519531,18454.300781,18454.300781,68920000,2016-08-29,18400.880859,False
165,2016-08-31,18436.699219,18439.679688,18333.560547,18400.880859,18400.880859,98250000,2016-08-30,18419.300781,True
166,2016-09-01,18396.570313,18430.050781,18295.480469,18419.300781,18419.300781,74780000,2016-08-31,18491.960938,True
167,2016-09-02,18466.009766,18544.759766,18439.099609,18491.960938,18491.960938,74350000,2016-09-01,18538.119141,True
168,2016-09-06,18493.400391,18551.539063,18450.320313,18538.119141,18538.119141,83710000,2016-09-05,18526.140625,False
169,2016-09-07,18527.710938,18536.890625,18474.769531,18526.140625,18526.140625,67570000,2016-09-06,18479.910156,False
170,2016-09-08,18486.689453,18506.240234,18446.689453,18479.910156,18479.910156,79060000,2016-09-07,18085.449219,False
171,2016-09-09,18404.169922,18404.169922,18085.449219,18085.449219,18085.449219,120670000,2016-09-08,18325.070313,True
172,2016-09-12,18028.949219,18358.689453,17994.839844,18325.070313,18325.070313,103260000,2016-09-11,18066.75,False
173,2016-09-13,18262.990234,18262.990234,18028.060547,18066.75,18066.75,102830000,2016-09-12,18034.769531,False
174,2016-09-14,18073.390625,18163.480469,17992.210938,18034.769531,18034.769531,103360000,2016-09-13,18212.480469,True
175,2016-09-15,18024.910156,18250.109375,18015.490234,18212.480469,18212.480469,99550000,2016-09-14,18123.800781,False
176,2016-09-16,18217.210938,18217.210938,18070.210938,18123.800781,18123.800781,278510000,2016-09-15,18120.169922,False
177,2016-09-19,18154.820313,18254.880859,18093.050781,18120.169922,18120.169922,78090000,2016-09-18,18129.960938,True
178,2016-09-20,18175.359375,18227.210938,18128.800781,18129.960938,18129.960938,72450000,2016-09-19,18293.699219,True
179,2016-09-21,18164.960938,18307.429688,18121.570313,18293.699219,18293.699219,94090000,2016-09-20,18392.460938,True
180,2016-09-22,18343.759766,18449.880859,18343.759766,18392.460938,18392.460938,73030000,2016-09-21,18261.449219,False
181,2016-09-23,18377.359375,18383.759766,18254.839844,18261.449219,18261.449219,87170000,2016-09-22,18094.830078,False
182,2016-09-26,18217.759766,18217.759766,18083.320313,18094.830078,18094.830078,95510000,2016-09-25,18228.300781,True
183,2016-09-27,18099.210938,18238.099609,18052.160156,18228.300781,18228.300781,84130000,2016-09-26,18339.240234,True
184,2016-09-28,18240.220703,18349.859375,18179.339844,18339.240234,18339.240234,97650000,2016-09-27,18143.449219,False
185,2016-09-29,18322.880859,18366.230469,18091.640625,18143.449219,18143.449219,95880000,2016-09-28,18308.150391,True
186,2016-09-30,18181.800781,18369.619141,18181.800781,18308.150391,18308.150391,135470000,2016-09-29,18253.849609,False
187,2016-10-03,18279.599609,18279.800781,18203.75,18253.849609,18253.849609,68520000,2016-10-02,18168.449219,False
188,2016-10-04,18267.679688,18313.769531,18116.259766,18168.449219,18168.449219,79710000,2016-10-03,18281.029297,True
189,2016-10-05,18205.5,18315.820313,18205.5,18281.029297,18281.029297,76190000,2016-10-04,18268.5,False
190,2016-10-06,18280.419922,18288.119141,18162.970703,18268.5,18268.5,78660000,2016-10-05,18240.490234,False
191,2016-10-07,18295.349609,18319.730469,18149.349609,18240.490234,18240.490234,82680000,2016-10-06,18329.039063,True
192,2016-10-10,18282.949219,18399.960938,18282.949219,18329.039063,18329.039063,72110000,2016-10-09,18128.660156,False
193,2016-10-11,18308.429688,18312.330078,18061.960938,18128.660156,18128.660156,88610000,2016-10-10,18144.199219,True
194,2016-10-12,18132.630859,18193.960938,18082.089844,18144.199219,18144.199219,72230000,2016-10-11,18098.939453,False
195,2016-10-13,18088.320313,18137.699219,17959.949219,18098.939453,18098.939453,83160000,2016-10-12,18138.380859,True
196,2016-10-14,18177.349609,18261.109375,18138.380859,18138.380859,18138.380859,87050000,2016-10-13,18086.400391,False
197,2016-10-17,18135.849609,18162.279297,18063.019531,18086.400391,18086.400391,75960000,2016-10-16,18161.939453,True
198,2016-10-18,18145.060547,18225.800781,18129.449219,18161.939453,18161.939453,74600000,2016-10-17,18202.619141,True
199,2016-10-19,18178.210938,18252.199219,18169.25,18202.619141,18202.619141,88040000,2016-10-18,18162.349609,False
200,2016-10-20,18161.869141,18249.050781,18129.070313,18162.349609,18162.349609,88830000,2016-10-19,18145.710938,False
201,2016-10-21,18152.630859,18168.759766,18049.769531,18145.710938,18145.710938,117810000,2016-10-20,18223.029297,True
202,2016-10-24,18197.140625,18275.039063,18191.179688,18223.029297,18223.029297,88540000,2016-10-23,18169.269531,False
203,2016-10-25,18206.519531,18241.689453,18151.699219,18169.269531,18169.269531,83190000,2016-10-24,18199.330078,True
204,2016-10-26,18103.800781,18236.039063,18062.300781,18199.330078,18199.330078,86340000,2016-10-25,18169.679688,False
205,2016-10-27,18234.810547,18253.199219,18149.199219,18169.679688,18169.679688,83530000,2016-10-26,18161.189453,False
206,2016-10-28,18193.789063,18257.060547,18094.970703,18161.189453,18161.189453,107850000,2016-10-27,18142.419922,False
207,2016-10-31,18176.599609,18193.679688,18130.580078,18142.419922,18142.419922,110080000,2016-10-30,18037.099609,False
208,2016-11-01,18158.240234,18177.009766,17940.839844,18037.099609,18037.099609,101280000,2016-10-31,17959.640625,False
209,2016-11-02,18017.720703,18044.150391,17931.890625,17959.640625,17959.640625,88610000,2016-11-01,17930.669922,False
210,2016-11-03,17978.75,18006.960938,17904.070313,17930.669922,17930.669922,77860000,2016-11-02,17888.279297,False
211,2016-11-04,17928.349609,17986.759766,17883.560547,17888.279297,17888.279297,97760000,2016-11-03,18259.599609,True
212,2016-11-07,17994.640625,18263.300781,17994.640625,18259.599609,18259.599609,93450000,2016-11-06,18332.740234,True
213,2016-11-08,18251.380859,18400.5,18200.75,18332.740234,18332.740234,79820000,2016-11-07,18589.689453,True
214,2016-11-09,18317.259766,18650.060547,18252.550781,18589.689453,18589.689453,173110000,2016-11-08,18807.880859,True
215,2016-11-10,18603.140625,18873.660156,18603.140625,18807.880859,18807.880859,164390000,2016-11-09,18847.660156,True
216,2016-11-11,18781.650391,18855.779297,18736.960938,18847.660156,18847.660156,107300000,2016-11-10,18868.689453,True
217,2016-11-14,18876.769531,18934.050781,18815.75,18868.689453,18868.689453,112250000,2016-11-13,18923.060547,True
218,2016-11-15,18858.210938,18925.259766,18806.060547,18923.060547,18923.060547,100660000,2016-11-14,18868.140625,False
219,2016-11-16,18909.849609,18909.849609,18825.890625,18868.140625,18868.140625,87320000,2016-11-15,18903.820313,True
220,2016-11-17,18866.220703,18904.029297,18845.269531,18903.820313,18903.820313,89940000,2016-11-16,18867.929688,False
221,2016-11-18,18905.330078,18915.740234,18853.830078,18867.929688,18867.929688,109880000,2016-11-17,18956.689453,True
222,2016-11-21,18898.679688,18960.759766,18883.099609,18956.689453,18956.689453,80520000,2016-11-20,19023.869141,True
223,2016-11-22,18970.390625,19043.900391,18962.820313,19023.869141,19023.869141,85310000,2016-11-21,19083.179688,True
224,2016-11-23,19015.519531,19083.759766,19000.380859,19083.179688,19083.179688,77880000,2016-11-22,19152.140625,True
225,2016-11-25,19093.720703,19152.140625,19093.720703,19152.140625,19152.140625,45890000,2016-11-24,19097.900391,False
226,2016-11-28,19122.140625,19138.720703,19072.25,19097.900391,19097.900391,88460000,2016-11-27,19121.599609,True
227,2016-11-29,19064.070313,19144.400391,19062.220703,19121.599609,19121.599609,81510000,2016-11-28,19123.580078,True
228,2016-11-30,19135.640625,19225.289063,19123.380859,19123.580078,19123.580078,164570000,2016-11-29,19191.929688,True
229,2016-12-01,19149.199219,19214.300781,19138.789063,19191.929688,19191.929688,108800000,2016-11-30,19170.419922,False
230,2016-12-02,19161.25,19196.140625,19141.179688,19170.419922,19170.419922,84920000,2016-12-01,19216.240234,True
231,2016-12-05,19244.349609,19274.849609,19186.730469,19216.240234,19216.240234,317800000,2016-12-04,19251.779297,True
232,2016-12-06,19219.910156,19255.890625,19184.740234,19251.779297,19251.779297,284960000,2016-12-05,19549.619141,True
233,2016-12-07,19241.990234,19558.419922,19229.830078,19549.619141,19549.619141,385200000,2016-12-06,19614.810547,True
234,2016-12-08,19559.939453,19664.970703,19527.830078,19614.810547,19614.810547,324570000,2016-12-07,19756.849609,True
235,2016-12-09,19631.349609,19757.740234,19623.189453,19756.849609,19756.849609,334470000,2016-12-08,19796.429688,True
236,2016-12-12,19770.199219,19824.589844,19747.740234,19796.429688,19796.429688,333660000,2016-12-11,19911.210938,True
237,2016-12-13,19852.210938,19953.75,19846.449219,19911.210938,19911.210938,388420000,2016-12-12,19792.529297,False
238,2016-12-14,19876.130859,19966.429688,19748.669922,19792.529297,19792.529297,408430000,2016-12-13,19852.240234,True
239,2016-12-15,19811.5,19951.289063,19811.5,19852.240234,19852.240234,357350000,2016-12-14,19843.410156,False
240,2016-12-16,19909.009766,19923.169922,19821.0,19843.410156,19843.410156,573470000,2016-12-15,19883.060547,True
241,2016-12-19,19836.660156,19917.779297,19832.949219,19883.060547,19883.060547,302310000,2016-12-18,19974.619141,True
242,2016-12-20,19920.589844,19987.630859,19920.419922,19974.619141,19974.619141,284080000,2016-12-19,19941.960938,False
243,2016-12-21,19968.970703,19986.560547,19941.960938,19941.960938,19941.960938,256640000,2016-12-20,19918.880859,False
244,2016-12-22,19922.679688,19933.830078,19882.189453,19918.880859,19918.880859,258290000,2016-12-21,19933.810547,True
245,2016-12-23,19908.609375,19934.150391,19899.060547,19933.810547,19933.810547,158260000,2016-12-22,19945.039063,True
246,2016-12-27,19943.460938,19980.240234,19939.800781,19945.039063,19945.039063,158540000,2016-12-26,19833.679688,False
247,2016-12-28,19964.310547,19981.109375,19827.310547,19833.679688,19833.679688,188350000,2016-12-27,19819.779297,False
248,2016-12-29,19835.460938,19878.439453,19788.939453,19819.779297,19819.779297,172040000,2016-12-28,19762.599609,False
249,2016-12-30,19833.169922,19852.550781,19718.669922,19762.599609,19762.599609,271910000,2016-12-29,19881.759766,True
250,2017-01-03,19872.859375,19938.529297,19775.929688,19881.759766,19881.759766,339180000,2017-01-02,19942.160156,True
251,2017-01-04,19890.939453,19956.140625,19878.830078,19942.160156,19942.160156,280010000,2017-01-03,19899.289063,False
252,2017-01-05,19924.560547,19948.599609,19811.119141,19899.289063,19899.289063,269920000,2017-01-04,19963.800781,True
253,2017-01-06,19906.960938,19999.630859,19834.080078,19963.800781,19963.800781,277700000,2017-01-05,19887.380859,False
254,2017-01-09,19931.410156,19943.779297,19887.380859,19887.380859,19887.380859,287060000,2017-01-08,19855.529297,False
255,2017-01-10,19876.349609,19957.119141,19836.029297,19855.529297,19855.529297,299410000,2017-01-09,19954.279297,True
256,2017-01-11,19887.380859,19973.419922,19833.160156,19954.279297,19954.279297,336150000,2017-01-10,19891.0,False
257,2017-01-12,19926.210938,19929.289063,19770.470703,19891.0,19891.0,306290000,2017-01-11,19885.730469,False
258,2017-01-13,19912.539063,19952.029297,19849.380859,19885.730469,19885.730469,263780000,2017-01-12,19826.769531,False
259,2017-01-17,19848.820313,19882.990234,19775.349609,19826.769531,19826.769531,341900000,2017-01-16,19804.720703,False
260,2017-01-18,19822.730469,19828.199219,19739.0,19804.720703,19804.720703,279760000,2017-01-17,19732.400391,False
261,2017-01-19,19813.550781,19824.140625,19677.939453,19732.400391,19732.400391,301750000,2017-01-18,19827.25,True
262,2017-01-20,19795.060547,19843.939453,19759.140625,19827.25,19827.25,435260000,2017-01-19,19799.849609,False
263,2017-01-23,19794.789063,19833.980469,19732.359375,19799.849609,19799.849609,326690000,2017-01-22,19912.710938,True
264,2017-01-24,19794.679688,19949.240234,19786.710938,19912.710938,19912.710938,374460000,2017-01-23,20068.509766,True
265,2017-01-25,19994.480469,20082.0,19994.480469,20068.509766,20068.509766,372240000,2017-01-24,20100.910156,True
266,2017-01-26,20076.25,20125.580078,20067.529297,20100.910156,20100.910156,356730000,2017-01-25,20093.779297,False
267,2017-01-27,20103.359375,20115.970703,20072.640625,20093.779297,20093.779297,343130000,2017-01-26,19971.130859,False
268,2017-01-30,20028.619141,20028.619141,19870.390625,19971.130859,19971.130859,317280000,2017-01-29,19864.089844,False
269,2017-01-31,19913.160156,19918.169922,19784.769531,19864.089844,19864.089844,373750000,2017-01-30,19890.939453,True
270,2017-02-01,19923.810547,19967.730469,19845.990234,19890.939453,19890.939453,426670000,2017-01-31,19884.910156,False
271,2017-02-02,19858.339844,19922.75,19831.089844,19884.910156,19884.910156,347220000,2017-02-01,20071.460938,True
272,2017-02-03,19964.210938,20081.480469,19964.210938,20071.460938,20071.460938,344220000,2017-02-02,20052.419922,False
273,2017-02-06,20025.609375,20094.949219,20002.810547,20052.419922,20052.419922,281720000,2017-02-05,20090.289063,True
274,2017-02-07,20107.619141,20155.349609,20068.679688,20090.289063,20090.289063,279670000,2017-02-06,20054.339844,False
275,2017-02-08,20049.289063,20068.279297,20015.330078,20054.339844,20054.339844,280410000,2017-02-07,20172.400391,True
276,2017-02-09,20061.730469,20206.359375,20061.730469,20172.400391,20172.400391,325310000,2017-02-08,20269.369141,True
277,2017-02-10,20211.230469,20298.210938,20204.759766,20269.369141,20269.369141,312230000,2017-02-09,20412.160156,True
278,2017-02-13,20338.539063,20441.480469,20322.949219,20412.160156,20412.160156,314620000,2017-02-12,20504.410156,True
279,2017-02-14,20374.220703,20504.410156,20374.019531,20504.410156,20504.410156,356580000,2017-02-13,20611.859375,True
280,2017-02-15,20504.269531,20620.449219,20496.029297,20611.859375,20611.859375,384380000,2017-02-14,20619.769531,True
281,2017-02-16,20627.310547,20639.869141,20556.830078,20619.769531,20619.769531,354120000,2017-02-15,20624.050781,True
282,2017-02-17,20564.130859,20624.050781,20532.609375,20624.050781,20624.050781,340620000,2017-02-16,20743.0,True
283,2017-02-21,20663.429688,20757.640625,20663.369141,20743.0,20743.0,336880000,2017-02-20,20775.599609,True
284,2017-02-22,20715.410156,20781.589844,20692.390625,20775.599609,20775.599609,310530000,2017-02-21,20810.320313,True
285,2017-02-23,20817.210938,20840.699219,20746.410156,20810.320313,20810.320313,302110000,2017-02-22,20821.759766,True
286,2017-02-24,20751.910156,20821.759766,20733.949219,20821.759766,20821.759766,292540000,2017-02-23,20837.439453,True
287,2017-02-27,20808.710938,20851.330078,20774.759766,20837.439453,20837.439453,256540000,2017-02-26,20812.240234,False
288,2017-02-28,20833.880859,20841.240234,20781.210938,20812.240234,20812.240234,339210000,2017-02-27,21115.550781,True
289,2017-03-01,20957.289063,21169.109375,20957.289063,21115.550781,21115.550781,392820000,2017-02-28,21002.970703,False
290,2017-03-02,21128.910156,21129.199219,20996.609375,21002.970703,21002.970703,319910000,2017-03-01,21005.710938,True
291,2017-03-03,21008.75,21039.960938,20953.859375,21005.710938,21005.710938,254420000,2017-03-02,20954.339844,False
292,2017-03-06,20955.710938,20986.429688,20912.109375,20954.339844,20954.339844,266620000,2017-03-05,20924.759766,False
293,2017-03-07,20934.890625,20970.539063,20901.259766,20924.759766,20924.759766,274630000,2017-03-06,20855.730469,False
294,2017-03-08,20940.439453,20951.439453,20835.580078,20855.730469,20855.730469,296780000,2017-03-07,20858.189453,True
295,2017-03-09,20864.320313,20900.570313,20777.160156,20858.189453,20858.189453,275960000,2017-03-08,20902.980469,True
296,2017-03-10,20919.009766,20940.289063,20827.660156,20902.980469,20902.980469,315430000,2017-03-09,20881.480469,False
297,2017-03-13,20899.279297,20926.060547,20845.710938,20881.480469,20881.480469,289260000,2017-03-12,20837.369141,False
298,2017-03-14,20848.599609,20874.0,20786.310547,20837.369141,20837.369141,246820000,2017-03-13,20950.099609,True
299,2017-03-15,20874.779297,20977.470703,20859.599609,20950.099609,20950.099609,306590000,2017-03-14,20934.550781,False
300,2017-03-16,20969.269531,21000.109375,20893.5,20934.550781,20934.550781,264360000,2017-03-15,20914.619141,False
301,2017-03-17,20965.369141,20980.509766,20911.070313,20914.619141,20914.619141,535280000,2017-03-16,20905.859375,False
302,2017-03-20,20916.269531,20955.449219,20885.699219,20905.859375,20905.859375,253610000,2017-03-19,20668.009766,False
303,2017-03-21,20956.330078,20970.039063,20653.259766,20668.009766,20668.009766,369320000,2017-03-20,20661.300781,False
304,2017-03-22,20640.419922,20686.210938,20578.949219,20661.300781,20661.300781,325090000,2017-03-21,20656.580078,False
305,2017-03-23,20645.070313,20757.890625,20618.619141,20656.580078,20656.580078,280050000,2017-03-22,20596.720703,False
306,2017-03-24,20674.449219,20718.330078,20529.669922,20596.720703,20596.720703,292980000,2017-03-23,20550.980469,False
307,2017-03-27,20488.349609,20578.460938,20412.800781,20550.980469,20550.980469,269380000,2017-03-26,20701.5,True
308,2017-03-28,20542.140625,20735.609375,20520.099609,20701.5,20701.5,299670000,2017-03-27,20659.320313,False
309,2017-03-29,20675.75,20684.730469,20625.029297,20659.320313,20659.320313,238320000,2017-03-28,20728.490234,True
310,2017-03-30,20662.789063,20753.779297,20643.599609,20728.490234,20728.490234,270900000,2017-03-29,20663.220703,False
311,2017-03-31,20700.339844,20722.589844,20660.679688,20663.220703,20663.220703,303770000,2017-03-30,20650.210938,False
312,2017-04-03,20665.169922,20692.339844,20517.820313,20650.210938,20650.210938,285670000,2017-04-02,20689.240234,True
313,2017-04-04,20634.939453,20701.289063,20605.300781,20689.240234,20689.240234,237390000,2017-04-03,20648.150391,False
314,2017-04-05,20745.060547,20887.5,20639.550781,20648.150391,20648.150391,284980000,2017-04-04,20662.949219,True
315,2017-04-06,20653.769531,20746.460938,20612.169922,20662.949219,20662.949219,251720000,2017-04-05,20656.099609,False
316,2017-04-07,20647.810547,20726.070313,20606.949219,20656.099609,20656.099609,219730000,2017-04-06,20658.019531,True
317,2017-04-10,20668.220703,20750.330078,20614.859375,20658.019531,20658.019531,230480000,2017-04-09,20651.300781,False
318,2017-04-11,20644.320313,20660.029297,20512.560547,20651.300781,20651.300781,255120000,2017-04-10,20591.859375,False
319,2017-04-12,20637.949219,20642.539063,20553.029297,20591.859375,20591.859375,267670000,2017-04-11,20453.25,False
320,2017-04-13,20561.689453,20612.269531,20453.25,20453.25,20453.25,235810000,2017-04-12,20636.919922,True
321,2017-04-17,20484.75,20644.410156,20484.75,20636.919922,20636.919922,229240000,2017-04-16,20523.279297,False
322,2017-04-18,20561.390625,20600.119141,20462.279297,20523.279297,20523.279297,263180000,2017-04-17,20404.490234,False
323,2017-04-19,20503.519531,20546.689453,20379.550781,20404.490234,20404.490234,294790000,2017-04-18,20578.710938,True
324,2017-04-20,20406.679688,20629.779297,20406.679688,20578.710938,20578.710938,312440000,2017-04-19,20547.759766,False
325,2017-04-21,20578.099609,20601.400391,20505.330078,20547.759766,20547.759766,369600000,2017-04-20,20763.890625,True
326,2017-04-24,20723.589844,20792.199219,20723.589844,20763.890625,20763.890625,342400000,2017-04-23,20996.119141,True
327,2017-04-25,20915.509766,21026.970703,20909.380859,20996.119141,20996.119141,348180000,2017-04-24,20975.089844,False
328,2017-04-26,21009.949219,21070.900391,20972.269531,20975.089844,20975.089844,328550000,2017-04-25,20981.330078,True
329,2017-04-27,20991.119141,21005.800781,20935.800781,20981.330078,20981.330078,305690000,2017-04-26,20940.509766,False
330,2017-04-28,20987.390625,20987.759766,20926.75,20940.509766,20940.509766,329990000,2017-04-27,20913.460938,False
331,2017-05-01,20962.730469,20976.619141,20898.380859,20913.460938,20913.460938,288160000,2017-04-30,20949.890625,True
332,2017-05-02,20941.189453,20960.919922,20904.060547,20949.890625,20949.890625,338810000,2017-05-01,20957.900391,True
333,2017-05-03,20915.0,20972.740234,20874.179688,20957.900391,20957.900391,310920000,2017-05-02,20951.470703,False
334,2017-05-04,20987.830078,20990.789063,20847.949219,20951.470703,20951.470703,274720000,2017-05-03,21006.939453,True
335,2017-05-05,20929.039063,21006.939453,20905.0,21006.939453,21006.939453,260960000,2017-05-04,21012.279297,True
336,2017-05-08,20991.259766,21017.890625,20971.050781,21012.279297,21012.279297,276150000,2017-05-07,20975.779297,False
337,2017-05-09,21022.279297,21046.849609,20938.039063,20975.779297,20975.779297,273000000,2017-05-08,20943.109375,False
338,2017-05-10,20958.490234,20976.279297,20884.150391,20943.109375,20943.109375,283340000,2017-05-09,20919.419922,False
339,2017-05-11,20925.720703,20933.359375,20798.900391,20919.419922,20919.419922,287680000,2017-05-10,20896.609375,False
340,2017-05-12,20893.189453,20916.099609,20869.740234,20896.609375,20896.609375,288500000,2017-05-11,20981.939453,True
341,2017-05-15,20923.630859,21000.830078,20923.630859,20981.939453,20981.939453,313170000,2017-05-14,20979.75,False
342,2017-05-16,20984.480469,21033.529297,20932.880859,20979.75,20979.75,311580000,2017-05-15,20606.929688,False
343,2017-05-17,20846.169922,20846.169922,20601.080078,20606.929688,20606.929688,423200000,2017-05-16,20663.019531,True
344,2017-05-18,20579.650391,20759.199219,20553.449219,20663.019531,20663.019531,422590000,2017-05-17,20804.839844,True
345,2017-05-19,20698.279297,20857.130859,20687.939453,20804.839844,20804.839844,365180000,2017-05-18,20894.830078,True
346,2017-05-22,20867.769531,20914.259766,20860.160156,20894.830078,20894.830078,276120000,2017-05-21,20937.910156,True
347,2017-05-23,20908.669922,20961.140625,20896.220703,20937.910156,20937.910156,244950000,2017-05-22,21012.419922,True
348,2017-05-24,20949.210938,21022.820313,20933.580078,21012.419922,21012.419922,283180000,2017-05-23,21082.949219,True
349,2017-05-25,21062.960938,21112.320313,21051.410156,21082.949219,21082.949219,268970000,2017-05-24,21080.279297,False
350,2017-05-26,21070.150391,21092.820313,21050.490234,21080.279297,21080.279297,208000000,2017-05-25,21029.470703,False
351,2017-05-30,21045.490234,21063.619141,21009.599609,21029.470703,21029.470703,242810000,2017-05-29,21008.650391,False
352,2017-05-31,21048.460938,21051.699219,20942.570313,21008.650391,21008.650391,371580000,2017-05-30,21144.179688,True
353,2017-06-01,21030.550781,21144.179688,20994.220703,21144.179688,21144.179688,276730000,2017-05-31,21206.289063,True
354,2017-06-02,21142.089844,21225.039063,21129.560547,21206.289063,21206.289063,329700000,2017-06-01,21184.039063,False
355,2017-06-05,21195.029297,21224.410156,21168.689453,21184.039063,21184.039063,269790000,2017-06-04,21136.230469,False
356,2017-06-06,21145.480469,21180.470703,21118.460938,21136.230469,21136.230469,283550000,2017-06-05,21173.689453,True
357,2017-06-07,21171.570313,21189.839844,21113.310547,21173.689453,21173.689453,273400000,2017-06-06,21182.529297,True
358,2017-06-08,21169.759766,21265.689453,21138.160156,21182.529297,21182.529297,330330000,2017-06-07,21271.970703,True
359,2017-06-09,21208.960938,21305.349609,21159.449219,21271.970703,21271.970703,397200000,2017-06-08,21235.669922,False
360,2017-06-12,21259.949219,21277.080078,21186.150391,21235.669922,21235.669922,528080000,2017-06-11,21328.470703,True
361,2017-06-13,21256.830078,21332.769531,21256.830078,21328.470703,21328.470703,323510000,2017-06-12,21374.560547,True
362,2017-06-14,21342.710938,21391.970703,21294.089844,21374.560547,21374.560547,295090000,2017-06-13,21359.900391,False
363,2017-06-15,21291.689453,21367.279297,21261.869141,21359.900391,21359.900391,317200000,2017-06-14,21384.279297,True
364,2017-06-16,21335.929688,21384.419922,21308.009766,21384.279297,21384.279297,603260000,2017-06-15,21528.990234,True
365,2017-06-19,21444.75,21528.990234,21436.080078,21528.990234,21528.990234,289400000,2017-06-18,21467.140625,False
366,2017-06-20,21521.25,21535.029297,21464.240234,21467.140625,21467.140625,310200000,2017-06-19,21410.029297,False
367,2017-06-21,21466.390625,21492.619141,21390.0,21410.029297,21410.029297,292500000,2017-06-20,21397.289063,False
368,2017-06-22,21407.980469,21456.470703,21394.810547,21397.289063,21397.289063,270680000,2017-06-21,21394.759766,False
369,2017-06-23,21380.919922,21421.789063,21333.890625,21394.759766,21394.759766,368400000,2017-06-22,21409.550781,True
370,2017-06-26,21434.679688,21506.210938,21381.25,21409.550781,21409.550781,241880000,2017-06-25,21310.660156,False
371,2017-06-27,21411.189453,21440.599609,21310.660156,21310.660156,21310.660156,292170000,2017-06-26,21454.609375,True
372,2017-06-28,21372.359375,21478.75,21372.359375,21454.609375,21454.609375,271510000,2017-06-27,21287.029297,False
373,2017-06-29,21487.380859,21487.380859,21197.080078,21287.029297,21287.029297,336750000,2017-06-28,21349.630859,True
374,2017-06-30,21348.599609,21426.119141,21325.080078,21349.630859,21349.630859,313260000,2017-06-29,21479.269531,True
375,2017-07-03,21392.300781,21562.75,21391.710938,21479.269531,21479.269531,186810000,2017-07-02,21478.169922,False
376,2017-07-05,21492.830078,21505.359375,21404.759766,21478.169922,21478.169922,273690000,2017-07-04,21320.039063,False
377,2017-07-06,21423.929688,21433.099609,21305.380859,21320.039063,21320.039063,320450000,2017-07-05,21414.339844,True
378,2017-07-07,21354.660156,21425.820313,21350.720703,21414.339844,21414.339844,242240000,2017-07-06,21408.519531,False
379,2017-07-10,21381.230469,21446.390625,21371.109375,21408.519531,21408.519531,270340000,2017-07-09,21409.070313,True
380,2017-07-11,21410.169922,21441.619141,21279.300781,21409.070313,21409.070313,247570000,2017-07-10,21532.140625,True
381,2017-07-12,21467.929688,21580.789063,21467.929688,21532.140625,21532.140625,267870000,2017-07-11,21553.089844,True
382,2017-07-13,21537.189453,21568.720703,21512.359375,21553.089844,21553.089844,232270000,2017-07-12,21637.740234,True
383,2017-07-14,21532.769531,21681.529297,21521.720703,21637.740234,21637.740234,235590000,2017-07-13,21629.720703,False
384,2017-07-17,21633.970703,21661.810547,21617.660156,21629.720703,21629.720703,244780000,2017-07-16,21574.730469,False
385,2017-07-18,21589.939453,21589.939453,21471.140625,21574.730469,21574.730469,251110000,2017-07-17,21640.75,True
386,2017-07-19,21569.25,21640.75,21565.839844,21640.75,21640.75,253040000,2017-07-18,21611.779297,False
387,2017-07-20,21641.539063,21661.910156,21576.960938,21611.779297,21611.779297,313950000,2017-07-19,21580.070313,False
388,2017-07-21,21591.720703,21592.609375,21503.779297,21580.070313,21580.070313,362830000,2017-07-20,21513.169922,False
389,2017-07-24,21577.779297,21577.779297,21496.130859,21513.169922,21513.169922,284080000,2017-07-23,21613.429688,True
390,2017-07-25,21638.560547,21670.619141,21577.369141,21613.429688,21613.429688,304300000,2017-07-24,21711.009766,True
391,2017-07-26,21690.380859,21742.699219,21683.289063,21711.009766,21711.009766,278240000,2017-07-25,21796.550781,True
392,2017-07-27,21717.419922,21798.470703,21687.849609,21796.550781,21796.550781,407320000,2017-07-26,21830.310547,True
393,2017-07-28,21787.509766,21841.179688,21756.119141,21830.310547,21830.310547,285630000,2017-07-27,21891.119141,True
394,2017-07-31,21863.390625,21929.800781,21861.710938,21891.119141,21891.119141,307610000,2017-07-30,21963.919922,True
395,2017-08-01,21961.419922,21990.960938,21940.810547,21963.919922,21963.919922,328410000,2017-07-31,22016.240234,True
396,2017-08-02,22004.359375,22036.099609,21967.460938,22016.240234,22016.240234,336820000,2017-08-01,22026.099609,True
397,2017-08-03,22007.580078,22044.849609,21991.320313,22026.099609,22026.099609,278730000,2017-08-02,22092.810547,True
398,2017-08-04,22058.390625,22092.810547,22024.640625,22092.810547,22092.810547,253640000,2017-08-03,22118.419922,True
399,2017-08-07,22100.199219,22121.150391,22081.970703,22118.419922,22118.419922,213010000,2017-08-06,22085.339844,False
400,2017-08-08,22095.140625,22179.109375,22057.289063,22085.339844,22085.339844,262000000,2017-08-07,22048.699219,False
401,2017-08-09,22022.339844,22057.189453,21996.689453,22048.699219,22048.699219,277800000,2017-08-08,21844.009766,False
402,2017-08-10,21988.199219,21988.199219,21843.939453,21844.009766,21844.009766,303310000,2017-08-09,21858.320313,True
403,2017-08-11,21883.320313,21911.089844,21842.740234,21858.320313,21858.320313,237790000,2017-08-10,21993.710938,True
404,2017-08-14,21945.640625,22019.230469,21945.640625,21993.710938,21993.710938,235030000,2017-08-13,21998.990234,True
405,2017-08-15,22029.910156,22038.919922,21971.480469,21998.990234,21998.990234,269070000,2017-08-14,22024.869141,True
406,2017-08-16,22031.929688,22085.710938,22002.470703,22024.869141,22024.869141,264920000,2017-08-15,21750.730469,False
407,2017-08-17,21984.740234,21984.740234,21750.320313,21750.730469,21750.730469,311030000,2017-08-16,21674.509766,False
408,2017-08-18,21724.880859,21793.349609,21641.630859,21674.509766,21674.509766,309070000,2017-08-17,21703.75,True
409,2017-08-21,21671.359375,21718.740234,21600.339844,21703.75,21703.75,277880000,2017-08-20,21899.890625,True
410,2017-08-22,21739.779297,21912.830078,21738.130859,21899.890625,21899.890625,244980000,2017-08-21,21812.089844,False
411,2017-08-23,21850.269531,21866.660156,21808.390625,21812.089844,21812.089844,234810000,2017-08-22,21783.400391,False
412,2017-08-24,21839.900391,21870.109375,21765.820313,21783.400391,21783.400391,228480000,2017-08-23,21813.669922,True
413,2017-08-25,21819.080078,21906.859375,21812.810547,21813.669922,21813.669922,217570000,2017-08-24,21808.400391,False
414,2017-08-28,21832.5,21861.490234,21767.939453,21808.400391,21808.400391,218740000,2017-08-27,21865.369141,True
415,2017-08-29,21718.0,21879.220703,21673.580078,21865.369141,21865.369141,227340000,2017-08-28,21892.429688,True
416,2017-08-30,21859.759766,21914.259766,21839.470703,21892.429688,21892.429688,242840000,2017-08-29,21948.099609,True
417,2017-08-31,21936.009766,21985.759766,21910.5,21948.099609,21948.099609,376790000,2017-08-30,21987.560547,True
418,2017-09-01,21981.769531,22038.970703,21974.910156,21987.560547,21987.560547,256240000,2017-08-31,21753.310547,False
419,2017-09-05,21912.369141,21921.089844,21709.630859,21753.310547,21753.310547,332840000,2017-09-04,21807.640625,True
420,2017-09-06,21815.759766,21849.240234,21794.070313,21807.640625,21807.640625,318760000,2017-09-05,21784.779297,False
421,2017-09-07,21820.380859,21850.009766,21745.710938,21784.779297,21784.779297,333810000,2017-09-06,21797.789063,True
422,2017-09-08,21764.429688,21846.630859,21731.119141,21797.789063,21797.789063,289400000,2017-09-07,22057.369141,True
423,2017-09-11,21927.789063,22067.099609,21927.789063,22057.369141,22057.369141,312770000,2017-09-10,22118.859375,True
424,2017-09-12,22090.560547,22134.570313,22087.089844,22118.859375,22118.859375,364580000,2017-09-11,22158.179688,True
425,2017-09-13,22103.470703,22158.179688,22095.789063,22158.179688,22158.179688,291890000,2017-09-12,22203.480469,True
426,2017-09-14,22144.960938,22216.439453,22135.259766,22203.480469,22203.480469,297780000,2017-09-13,22268.339844,True
427,2017-09-15,22252.439453,22275.019531,22214.519531,22268.339844,22268.339844,527540000,2017-09-14,22331.349609,True
428,2017-09-18,22297.919922,22355.619141,22283.349609,22331.349609,22331.349609,302740000,2017-09-17,22370.800781,True
429,2017-09-19,22349.699219,22386.009766,22340.710938,22370.800781,22370.800781,295570000,2017-09-18,22412.589844,True
430,2017-09-20,22351.380859,22413.259766,22314.679688,22412.589844,22412.589844,334560000,2017-09-19,22359.230469,False
431,2017-09-21,22414.019531,22419.509766,22356.550781,22359.230469,22359.230469,287390000,2017-09-20,22349.589844,False
432,2017-09-22,22334.070313,22364.310547,22299.580078,22349.589844,22349.589844,297140000,2017-09-21,22296.089844,False
433,2017-09-25,22320.470703,22359.880859,22219.109375,22296.089844,22296.089844,332430000,2017-09-24,22284.320313,False
434,2017-09-26,22322.029297,22369.349609,22279.519531,22284.320313,22284.320313,285990000,2017-09-25,22340.710938,True
435,2017-09-27,22330.929688,22371.099609,22254.929688,22340.710938,22340.710938,342900000,2017-09-26,22381.199219,True
436,2017-09-28,22306.830078,22394.740234,22288.970703,22381.199219,22381.199219,263010000,2017-09-27,22405.089844,True
437,2017-09-29,22358.470703,22405.630859,22332.960938,22405.089844,22405.089844,274790000,2017-09-28,22557.599609,True
438,2017-10-02,22423.470703,22559.380859,22416.0,22557.599609,22557.599609,268530000,2017-10-01,22641.669922,True
439,2017-10-03,22564.449219,22646.320313,22562.900391,22641.669922,22641.669922,238830000,2017-10-02,22661.640625,True
440,2017-10-04,22645.669922,22685.939453,22632.800781,22661.640625,22661.640625,235730000,2017-10-03,22775.390625,True
441,2017-10-05,22669.080078,22777.039063,22655.140625,22775.390625,22775.390625,246400000,2017-10-04,22773.669922,False
442,2017-10-06,22762.029297,22773.669922,22730.849609,22773.669922,22773.669922,221450000,2017-10-05,22761.070313,False
443,2017-10-09,22779.730469,22803.369141,22739.380859,22761.070313,22761.070313,310770000,2017-10-08,22830.679688,True
444,2017-10-10,22784.759766,22850.509766,22770.990234,22830.679688,22830.679688,319270000,2017-10-09,22872.890625,True
445,2017-10-11,22827.650391,22872.890625,22821.660156,22872.890625,22872.890625,316000000,2017-10-10,22841.009766,False
446,2017-10-12,22854.849609,22884.820313,22821.130859,22841.009766,22841.009766,291790000,2017-10-11,22871.720703,True
447,2017-10-13,22876.429688,22905.330078,22855.929688,22871.720703,22871.720703,259560000,2017-10-12,22956.960938,True
448,2017-10-16,22892.919922,22960.119141,22887.119141,22956.960938,22956.960938,247180000,2017-10-15,22997.439453,True
449,2017-10-17,22952.410156,23002.199219,22948.230469,22997.439453,22997.439453,273090000,2017-10-16,23157.599609,True
450,2017-10-18,23087.130859,23172.929688,23086.75,23157.599609,23157.599609,271870000,2017-10-17,23163.039063,True
451,2017-10-19,23107.470703,23167.240234,23052.669922,23163.039063,23163.039063,350400000,2017-10-18,23328.630859,True
452,2017-10-20,23205.179688,23328.839844,23201.779297,23328.630859,23328.630859,474380000,2017-10-19,23273.960938,False
453,2017-10-23,23348.949219,23368.369141,23273.960938,23273.960938,23273.960938,456830000,2017-10-22,23441.759766,True
454,2017-10-24,23346.779297,23485.25,23343.230469,23441.759766,23441.759766,406850000,2017-10-23,23329.460938,False
455,2017-10-25,23431.089844,23451.509766,23251.109375,23329.460938,23329.460938,399560000,2017-10-24,23400.859375,True
456,2017-10-26,23380.890625,23459.839844,23380.890625,23400.859375,23400.859375,370600000,2017-10-25,23434.189453,True
457,2017-10-27,23419.160156,23449.400391,23353.160156,23434.189453,23434.189453,518870000,2017-10-26,23348.740234,False
458,2017-10-30,23405.75,23428.75,23327.869141,23348.740234,23348.740234,436900000,2017-10-29,23377.240234,True
459,2017-10-31,23369.220703,23406.349609,23334.390625,23377.240234,23377.240234,388050000,2017-10-30,23435.009766,True
460,2017-11-01,23442.900391,23517.710938,23388.910156,23435.009766,23435.009766,361260000,2017-10-31,23516.259766,True
461,2017-11-02,23463.240234,23531.380859,23350.980469,23516.259766,23516.259766,348040000,2017-11-01,23539.189453,True
462,2017-11-03,23549.589844,23557.060547,23481.570313,23539.189453,23539.189453,312250000,2017-11-02,23548.419922,True
463,2017-11-06,23533.960938,23574.859375,23520.75,23548.419922,23548.419922,325190000,2017-11-05,23557.230469,True
464,2017-11-07,23574.029297,23602.119141,23484.189453,23557.230469,23557.230469,285080000,2017-11-06,23563.359375,True
465,2017-11-08,23542.599609,23575.0,23510.560547,23563.359375,23563.359375,264670000,2017-11-07,23461.939453,False
466,2017-11-09,23492.089844,23516.740234,23310.019531,23461.939453,23461.939453,305440000,2017-11-08,23422.210938,False
467,2017-11-10,23432.710938,23452.199219,23392.960938,23422.210938,23422.210938,351280000,2017-11-09,23439.699219,True
468,2017-11-13,23367.470703,23461.679688,23343.339844,23439.699219,23439.699219,491260000,2017-11-12,23409.470703,False
469,2017-11-14,23388.400391,23414.080078,23271.570313,23409.470703,23409.470703,561330000,2017-11-13,23271.279297,False
470,2017-11-15,23334.589844,23344.990234,23242.75,23271.279297,23271.279297,404300000,2017-11-14,23458.359375,True
471,2017-11-16,23365.339844,23492.189453,23365.339844,23458.359375,23458.359375,402020000,2017-11-15,23358.240234,False
472,2017-11-17,23433.769531,23433.769531,23356.009766,23358.240234,23358.240234,386000000,2017-11-16,23430.330078,True
473,2017-11-20,23370.710938,23456.880859,23360.580078,23430.330078,23430.330078,315330000,2017-11-19,23590.830078,True
474,2017-11-21,23500.150391,23617.800781,23500.150391,23590.830078,23590.830078,329650000,2017-11-20,23526.179688,False
475,2017-11-22,23597.240234,23605.769531,23507.609375,23526.179688,23526.179688,268760000,2017-11-21,23557.990234,True
476,2017-11-24,23552.75,23599.179688,23551.589844,23557.990234,23557.990234,118610000,2017-11-23,23580.779297,True
477,2017-11-27,23552.859375,23638.919922,23545.019531,23580.779297,23580.779297,296320000,2017-11-26,23836.710938,True
478,2017-11-28,23625.189453,23849.609375,23617.109375,23836.710938,23836.710938,319240000,2017-11-27,23940.679688,True
479,2017-11-29,23883.259766,23959.759766,23872.589844,23940.679688,23940.679688,401410000,2017-11-28,24272.349609,True
480,2017-11-30,24013.800781,24327.820313,24013.800781,24272.349609,24272.349609,488200000,2017-11-29,24231.589844,False
481,2017-12-01,24305.400391,24322.060547,23921.900391,24231.589844,24231.589844,417910000,2017-11-30,24290.050781,True
482,2017-12-04,24424.109375,24534.039063,24288.189453,24290.050781,24290.050781,424250000,2017-12-03,24180.640625,False
483,2017-12-05,24335.009766,24349.740234,24155.279297,24180.640625,24180.640625,371190000,2017-12-04,24140.910156,False
484,2017-12-06,24171.900391,24229.349609,24134.490234,24140.910156,24140.910156,312720000,2017-12-05,24211.480469,True
485,2017-12-07,24116.599609,24262.880859,24101.240234,24211.480469,24211.480469,319060000,2017-12-06,24329.160156,True
486,2017-12-08,24263.259766,24330.119141,24225.5,24329.160156,24329.160156,293590000,2017-12-07,24386.029297,True
487,2017-12-11,24338.109375,24389.720703,24314.740234,24386.029297,24386.029297,300580000,2017-12-10,24504.800781,True
488,2017-12-12,24452.960938,24552.970703,24443.830078,24504.800781,24504.800781,342220000,2017-12-11,24585.429688,True
489,2017-12-13,24525.189453,24666.019531,24518.300781,24585.429688,24585.429688,325280000,2017-12-12,24508.660156,False
490,2017-12-14,24631.009766,24672.480469,24508.660156,24508.660156,24508.660156,314780000,2017-12-13,24651.740234,True
491,2017-12-15,24585.710938,24688.619141,24584.439453,24651.740234,24651.740234,635740000,2017-12-14,24792.199219,True
492,2017-12-18,24739.560547,24876.070313,24739.560547,24792.199219,24792.199219,354880000,2017-12-17,24754.75,False
493,2017-12-19,24834.380859,24850.109375,24715.599609,24754.75,24754.75,335330000,2017-12-18,24726.650391,False
494,2017-12-20,24838.089844,24852.439453,24697.109375,24726.650391,24726.650391,341790000,2017-12-19,24782.289063,True
495,2017-12-21,24778.259766,24850.910156,24766.269531,24782.289063,24782.289063,339530000,2017-12-20,24754.060547,False
496,2017-12-22,24764.039063,24784.150391,24717.509766,24754.060547,24754.060547,255140000,2017-12-21,24746.210938,False
497,2017-12-26,24715.839844,24778.130859,24708.419922,24746.210938,24746.210938,208290000,2017-12-25,24774.300781,True
498,2017-12-27,24766.519531,24789.519531,24731.679688,24774.300781,24774.300781,225890000,2017-12-26,24837.509766,True
499,2017-12-28,24807.210938,24839.230469,24797.130859,24837.509766,24837.509766,200960000,2017-12-27,24719.220703,False
500,2017-12-29,24849.630859,24871.660156,24719.220703,24719.220703,24719.220703,270760000,2017-12-28,24824.009766,True
501,2018-01-02,24809.349609,24864.189453,24741.699219,24824.009766,24824.009766,341130000,2018-01-01,24922.679688,True
502,2018-01-03,24850.449219,24941.919922,24825.550781,24922.679688,24922.679688,456790000,2018-01-02,25075.130859,True
503,2018-01-04,24964.859375,25105.960938,24963.269531,25075.130859,25075.130859,403280000,2018-01-03,25295.869141,True
504,2018-01-05,25114.919922,25299.789063,25112.009766,25295.869141,25295.869141,358020000,2018-01-04,25283.0,False
505,2018-01-08,25308.400391,25311.990234,25235.410156,25283.0,25283.0,341390000,2018-01-07,25385.800781,True
506,2018-01-09,25312.050781,25439.779297,25308.410156,25385.800781,25385.800781,333490000,2018-01-08,25369.130859,False
507,2018-01-10,25348.130859,25404.919922,25256.990234,25369.130859,25369.130859,341470000,2018-01-09,25574.730469,True
508,2018-01-11,25398.599609,25575.419922,25396.189453,25574.730469,25574.730469,346830000,2018-01-10,25803.189453,True
509,2018-01-12,25638.390625,25810.429688,25633.080078,25803.189453,25803.189453,376390000,2018-01-11,25792.859375,False
510,2018-01-16,25987.619141,26086.119141,25702.990234,25792.859375,25792.859375,606520000,2018-01-15,26115.650391,True
511,2018-01-17,25910.779297,26130.449219,25865.019531,26115.650391,26115.650391,522720000,2018-01-16,26017.810547,False
512,2018-01-18,26149.550781,26153.419922,25947.320313,26017.810547,26017.810547,492780000,2018-01-17,26071.720703,True
513,2018-01-19,25987.349609,26071.720703,25942.830078,26071.720703,26071.720703,585000000,2018-01-18,26214.599609,True
514,2018-01-22,26025.320313,26215.230469,25974.650391,26214.599609,26214.599609,431200000,2018-01-21,26210.810547,False
515,2018-01-23,26214.869141,26246.189453,26143.900391,26210.810547,26210.810547,433490000,2018-01-22,26252.119141,True
516,2018-01-24,26282.070313,26392.800781,26106.939453,26252.119141,26252.119141,518790000,2018-01-23,26392.789063,True
517,2018-01-25,26313.060547,26458.25,26259.720703,26392.789063,26392.789063,401390000,2018-01-24,26616.710938,True
518,2018-01-26,26466.740234,26616.710938,26425.349609,26616.710938,26616.710938,477780000,2018-01-25,26439.480469,False
519,2018-01-29,26584.279297,26608.900391,26435.339844,26439.480469,26439.480469,421000000,2018-01-28,26076.890625,False
520,2018-01-30,26198.449219,26256.990234,26028.419922,26076.890625,26076.890625,448330000,2018-01-29,26149.390625,True
521,2018-01-31,26268.169922,26338.029297,26050.980469,26149.390625,26149.390625,479130000,2018-01-30,26186.710938,True
522,2018-02-01,26083.039063,26306.699219,26014.439453,26186.710938,26186.710938,410620000,2018-01-31,25520.960938,False
523,2018-02-02,26061.789063,26061.789063,25490.660156,25520.960938,25520.960938,522880000,2018-02-01,24345.75,False
524,2018-02-05,25337.869141,25520.529297,23923.880859,24345.75,24345.75,714450000,2018-02-04,24912.769531,True
525,2018-02-06,24085.169922,24946.230469,23778.740234,24912.769531,24912.769531,823940000,2018-02-05,0.0,False
